{
    "date_analyse": "2026-01-31 15:49:39.693602",
    "shape": [
        600,
        34
    ],
    "variables_numeriques": [
        "53_kW_mean",
        "53_kW_max",
        "71_kW_mean",
        "71_kW_max",
        "71A_kW_mean",
        "71A_kW_max",
        "83_kW_mean",
        "83_kW_max",
        "totalkW_mean",
        "totalkW_max",
        "totalkW_d-1",
        "totalkW_w-1",
        "totalkW_d/1",
        "totalkW_w/1",
        "71_71AkW_mean",
        "71_71AkW_max",
        "Month",
        "Year",
        "Day",
        "WD",
        "CDD_15",
        "HDD_25",
        "NWD",
        "temp_max",
        "insolation",
        "temp_mean",
        "RH"
    ],
    "variables_categoriques": [
        "Date",
        "53_kW_time_max",
        "71_kW_time_max",
        "71A_kW_time_max",
        "83_kW_time_max",
        "71_71AkW_time_max",
        "totalkW_time_max"
    ],
    "statistiques_descriptives": {
        "count": {
            "53_kW_mean": 600.0,
            "53_kW_max": 600.0,
            "71_kW_mean": 600.0,
            "71_kW_max": 600.0,
            "71A_kW_mean": 600.0,
            "71A_kW_max": 600.0,
            "83_kW_mean": 600.0,
            "83_kW_max": 600.0,
            "totalkW_mean": 600.0,
            "totalkW_max": 600.0,
            "totalkW_d-1": 599.0,
            "totalkW_w-1": 593.0,
            "totalkW_d/1": 599.0,
            "totalkW_w/1": 593.0,
            "71_71AkW_mean": 600.0,
            "71_71AkW_max": 600.0,
            "Month": 600.0,
            "Year": 600.0,
            "Day": 600.0,
            "WD": 600.0,
            "CDD_15": 600.0,
            "HDD_25": 600.0,
            "NWD": 600.0,
            "temp_max": 600.0,
            "insolation": 333.0,
            "temp_mean": 600.0,
            "RH": 600.0
        },
        "mean": {
            "53_kW_mean": 50.23238333333333,
            "53_kW_max": 63.34203333333333,
            "71_kW_mean": 52.90725,
            "71_kW_max": 69.45311666666667,
            "71A_kW_mean": 135.96246666666667,
            "71A_kW_max": 201.18046666666666,
            "83_kW_mean": 78.34115,
            "83_kW_max": 134.19268333333332,
            "totalkW_mean": 317.4488666666667,
            "totalkW_max": 450.19648333333333,
            "totalkW_d-1": 0.15045075125208682,
            "totalkW_w-1": 0.5479426644182126,
            "totalkW_d/1": 1.0436227045075126,
            "totalkW_w/1": 1.0151096121416527,
            "71_71AkW_mean": 188.87455,
            "71_71AkW_max": 269.00986666666665,
            "Month": 7.158333333333333,
            "Year": 2018.7016666666666,
            "Day": 15.825,
            "WD": 3.0016666666666665,
            "CDD_15": 5.588333333333333,
            "HDD_25": 5.059166666666667,
            "NWD": 0.028333333333333332,
            "temp_max": 26.547333333333334,
            "insolation": 5.03033033033033,
            "temp_mean": 20.863533333333333,
            "RH": 73.04041666666667
        },
        "std": {
            "53_kW_mean": 9.492733051534827,
            "53_kW_max": 11.121754953887121,
            "71_kW_mean": 43.25785529448531,
            "71_kW_max": 58.27668217444972,
            "71A_kW_mean": 60.59742182746541,
            "71A_kW_max": 95.2991819547837,
            "83_kW_mean": 28.502611306035423,
            "83_kW_max": 60.3781530459635,
            "totalkW_mean": 76.45731491747235,
            "totalkW_max": 150.67952522379798,
            "totalkW_d-1": 81.14357614827517,
            "totalkW_w-1": 48.64645454029822,
            "totalkW_d/1": 0.32427495334967044,
            "totalkW_w/1": 0.17023343410301256,
            "71_71AkW_mean": 41.46858364489141,
            "71_71AkW_max": 82.25898492353265,
            "Month": 3.448151214813903,
            "Year": 0.5506080010681731,
            "Day": 8.74328981913763,
            "WD": 2.0045850337375803,
            "CDD_15": 3.2189698404321176,
            "HDD_25": 3.0890699615906336,
            "NWD": 0.1660617849363583,
            "temp_max": 4.555895799193693,
            "insolation": 3.7585339296315734,
            "temp_mean": 3.4801743545574104,
            "RH": 11.909163879140408
        },
        "min": {
            "53_kW_mean": 25.03,
            "53_kW_max": 35.96,
            "71_kW_mean": 0.0,
            "71_kW_max": 0.0,
            "71A_kW_mean": 48.11,
            "71A_kW_max": 50.34,
            "83_kW_mean": 22.42,
            "83_kW_max": 25.17,
            "totalkW_mean": 137.29,
            "totalkW_max": 151.02,
            "totalkW_d-1": -206.83,
            "totalkW_w-1": -231.03,
            "totalkW_d/1": 0.45,
            "totalkW_w/1": 0.45,
            "71_71AkW_mean": 74.61,
            "71_71AkW_max": 79.11,
            "Month": 1.0,
            "Year": 2018.0,
            "Day": 1.0,
            "WD": 0.0,
            "CDD_15": 0.0,
            "HDD_25": 0.1,
            "NWD": 0.0,
            "temp_max": 12.3,
            "insolation": 0.0,
            "temp_mean": 9.6,
            "RH": 13.0
        },
        "25%": {
            "53_kW_mean": 41.205,
            "53_kW_max": 55.290000000000006,
            "71_kW_mean": 0.0,
            "71_kW_max": 0.0,
            "71A_kW_mean": 91.84,
            "71A_kW_max": 140.24,
            "83_kW_mean": 44.910000000000004,
            "83_kW_max": 57.53,
            "totalkW_mean": 231.12,
            "totalkW_max": 262.40999999999997,
            "totalkW_d-1": -19.42,
            "totalkW_w-1": -16.54,
            "totalkW_d/1": 0.93,
            "totalkW_w/1": 0.95,
            "71_71AkW_mean": 148.2675,
            "71_71AkW_max": 176.2,
            "Month": 5.0,
            "Year": 2018.0,
            "Day": 8.0,
            "WD": 1.0,
            "CDD_15": 3.1,
            "HDD_25": 2.7,
            "NWD": 0.0,
            "temp_max": 23.575000000000003,
            "insolation": 0.8,
            "temp_mean": 18.635,
            "RH": 66.0
        },
        "50%": {
            "53_kW_mean": 52.985,
            "53_kW_max": 64.72,
            "71_kW_mean": 70.62,
            "71_kW_max": 82.7,
            "71A_kW_mean": 118.57,
            "71A_kW_max": 179.79,
            "83_kW_mean": 89.41,
            "83_kW_max": 156.42,
            "totalkW_mean": 340.17,
            "totalkW_max": 496.76,
            "totalkW_d-1": -2.52,
            "totalkW_w-1": 1.08,
            "totalkW_d/1": 0.99,
            "totalkW_w/1": 1.0,
            "71_71AkW_mean": 196.78,
            "71_71AkW_max": 287.67,
            "Month": 8.0,
            "Year": 2019.0,
            "Day": 16.0,
            "WD": 3.0,
            "CDD_15": 5.55,
            "HDD_25": 4.6,
            "NWD": 0.0,
            "temp_max": 27.2,
            "insolation": 5.5,
            "temp_mean": 21.2,
            "RH": 74.25
        },
        "75%": {
            "53_kW_mean": 57.1,
            "53_kW_max": 71.2,
            "71_kW_mean": 90.985,
            "71_kW_max": 122.26,
            "71A_kW_mean": 178.395,
            "71A_kW_max": 266.99,
            "83_kW_mean": 98.11,
            "83_kW_max": 177.72,
            "totalkW_mean": 374.69,
            "totalkW_max": 567.6899999999999,
            "totalkW_d-1": 14.38,
            "totalkW_w-1": 19.06,
            "totalkW_d/1": 1.04,
            "totalkW_w/1": 1.07,
            "71_71AkW_mean": 219.575,
            "71_71AkW_max": 334.41,
            "Month": 10.0,
            "Year": 2019.0,
            "Day": 23.0,
            "WD": 5.0,
            "CDD_15": 7.9,
            "HDD_25": 7.0,
            "NWD": 0.0,
            "temp_max": 29.7,
            "insolation": 8.3,
            "temp_mean": 23.425,
            "RH": 82.0
        },
        "max": {
            "53_kW_mean": 69.83,
            "53_kW_max": 94.57,
            "71_kW_mean": 133.48,
            "71_kW_max": 186.98,
            "71A_kW_mean": 273.1,
            "71A_kW_max": 413.52,
            "83_kW_mean": 134.84,